default,student,balance,income
Yes,No,729.5265,44361.625
No,Yes,817.18041,12106.135
Yes,No,1073.54916,31767.139
No,No,529.2506,35704.494
Yes,No,785.65588,38463.496